{
  "__type__": "cc.SpriteFrame",
  "content": {
    "name": "hero0",
    "atlas": "",
    "rect": {
      "x": 0,
      "y": 0,
      "width": 97,
      "height": 123
    },
    "offset": {
      "x": 0,
      "y": 0.5
    },
    "originalSize": {
      "width": 97,
      "height": 124
    },
    "rotated": false,
    "capInsets": [
      0,
      0,
      0,
      0
    ],
    "vertices": {
      "rawPosition": [
        -48.5,
        -61.5,
        0,
        48.5,
        -61.5,
        0,
        -48.5,
        61.5,
        0,
        48.5,
        61.5,
        0
      ],
      "indexes": [
        0,
        1,
        2,
        2,
        1,
        3
      ],
      "uv": [
        0,
        124,
        97,
        124,
        0,
        1,
        97,
        1
      ],
      "nuv": [
        0,
        0.008064516129032258,
        1,
        0.008064516129032258,
        0,
        1,
        1,
        1
      ],
      "minPos": {
        "x": -48.5,
        "y": -61.5,
        "z": 0
      },
      "maxPos": {
        "x": 48.5,
        "y": 61.5,
        "z": 0
      }
    },
    "texture": "20e5c305-4cbd-4d6d-a52b-7ccf176fef38@6c48a",
    "packable": true,
    "pixelsToUnit": 100,
    "pivot": {
      "x": 0.5,
      "y": 0.5
    },
    "meshType": 0
  }
}