{
  "__type__": "cc.SpriteFrame",
  "content": {
    "name": "airplane2",
    "atlas": "",
    "rect": {
      "x": 3,
      "y": 5,
      "width": 51,
      "height": 46
    },
    "offset": {
      "x": 0,
      "y": -2.5
    },
    "originalSize": {
      "width": 57,
      "height": 51
    },
    "rotated": false,
    "capInsets": [
      0,
      0,
      0,
      0
    ],
    "vertices": {
      "rawPosition": [
        -25.5,
        -23,
        0,
        25.5,
        -23,
        0,
        -25.5,
        23,
        0,
        25.5,
        23,
        0
      ],
      "indexes": [
        0,
        1,
        2,
        2,
        1,
        3
      ],
      "uv": [
        3,
        46,
        54,
        46,
        3,
        0,
        54,
        0
      ],
      "nuv": [
        0.05263157894736842,
        0,
        0.9473684210526315,
        0,
        0.05263157894736842,
        0.9019607843137255,
        0.9473684210526315,
        0.9019607843137255
      ],
      "minPos": {
        "x": -25.5,
        "y": -23,
        "z": 0
      },
      "maxPos": {
        "x": 25.5,
        "y": 23,
        "z": 0
      }
    },
    "texture": "e4975f80-9638-4a19-acd8-7c785b52c4dc@6c48a",
    "packable": true,
    "pixelsToUnit": 100,
    "pivot": {
      "x": 0.5,
      "y": 0.5
    },
    "meshType": 0
  }
}