{
  "__type__": "cc.SpriteFrame",
  "content": {
    "name": "bigplane4",
    "atlas": "",
    "rect": {
      "x": 0,
      "y": 13,
      "width": 68,
      "height": 77
    },
    "offset": {
      "x": -0.5,
      "y": -4
    },
    "originalSize": {
      "width": 69,
      "height": 95
    },
    "rotated": false,
    "capInsets": [
      0,
      0,
      0,
      0
    ],
    "vertices": {
      "rawPosition": [
        -34,
        -38.5,
        0,
        34,
        -38.5,
        0,
        -34,
        38.5,
        0,
        34,
        38.5,
        0
      ],
      "indexes": [
        0,
        1,
        2,
        2,
        1,
        3
      ],
      "uv": [
        0,
        82,
        68,
        82,
        0,
        5,
        68,
        5
      ],
      "nuv": [
        0,
        0.05263157894736842,
        0.9855072463768116,
        0.05263157894736842,
        0,
        0.8631578947368421,
        0.9855072463768116,
        0.8631578947368421
      ],
      "minPos": {
        "x": -34,
        "y": -38.5,
        "z": 0
      },
      "maxPos": {
        "x": 34,
        "y": 38.5,
        "z": 0
      }
    },
    "texture": "90ac5278-10d3-4ca8-ac04-eec8e9ac5efb@6c48a",
    "packable": true,
    "pixelsToUnit": 100,
    "pivot": {
      "x": 0.5,
      "y": 0.5
    },
    "meshType": 0
  }
}